Zone1 area,Zone2 area,Zone3 area,Area open space,Zone1 total floor number,Zone2 total floor number,Zone3 total floor number,Parking,Sun gain,View guality,Glazing %,Facade area,Wood structure per metre square,Cost,A/V Ratio(%),Zone1 Number of blocks,Zone2 Number of blocks,Zone3 Number of blocks,Open Space Number of blocks,WWR%(Estimated),sDa(%of space),Total Cooling and Heating use(kwh/m2),Carbon Emission(kgCO2/m2),Water use,img
884.36,343.52,903.64,93.07,3,1,7,1644.61,49.25,28.4,11.04,2075.78,639.45,8898305.04,41.54,2,1,4,1,53.67,34.93,26.2,61.35,107.45,https://raw.githubusercontent.com/Zohrehhasanpur/GalleryDesignDataset/main/Image0.png
879.43,206.39,173.59,260.48,2,1,2,1677.37,55.31,28.98,21.97,1338.81,377.82,6079536.54,37.65,2,1,2,2,48.12,124.09,93.07,65.16,161.27,https://raw.githubusercontent.com/Zohrehhasanpur/GalleryDesignDataset/main/Image1.png
628.72,1192.47,642.36,321.49,2,4,3,1680.51,66.84,29.76,21.43,1857.49,739.07,11140170.88,45.79,1,2,2,2,50.64,78.3,58.72,113.38,442,https://raw.githubusercontent.com/Zohrehhasanpur/GalleryDesignDataset/main/Image2.png
731.47,510.7,327.92,226.87,2,2,2,1556.1,45.4,26.01,15.62,1571.02,471.02,7187804.72,37.57,2,2,2,2,48.49,57.8,43.35,120.79,408.44,https://raw.githubusercontent.com/Zohrehhasanpur/GalleryDesignDataset/main/Image3.png
2075.65,508.18,253.73,181.92,4,2,4,1734.5,53.2,29.66,24.43,1840.19,851.27,12077881.46,43.09,2,1,2,2,51.27,51.29,38.47,64.95,158.27,https://raw.githubusercontent.com/Zohrehhasanpur/GalleryDesignDataset/main/Image4.png
261.2,600.82,78.93,138.9,1,2,1,1954.74,61.95,37.38,17.45,1172.46,282.28,4319390.09,32.84,1,1,1,1,53.71,118.1,88.57,109.36,385.18,https://raw.githubusercontent.com/Zohrehhasanpur/GalleryDesignDataset/main/Image5.png
1024.48,1250.09,163.67,106.16,3,3,2,1625.35,56.68,28.37,12.29,1443.73,731.47,10177594.84,45.08,2,2,1,1,50.24,34.83,26.12,72.57,265.91,https://raw.githubusercontent.com/Zohrehhasanpur/GalleryDesignDataset/main/Image6.png
363.93,362.2,608.27,216.47,1,2,4,1967.09,62.28,35.12,34.78,944.12,400.32,6203503.45,50.6,1,1,2,2,49.82,97.34,73,124.6,200.47,https://raw.githubusercontent.com/Zohrehhasanpur/GalleryDesignDataset/main/Image7.png
1090.11,463,537,227.69,3,3,5,1686.58,65.9,27.34,18.33,1677.03,627.03,9271200.88,48.67,2,2,4,2,47.7,65.36,49.02,91.64,135.02,https://raw.githubusercontent.com/Zohrehhasanpur/GalleryDesignDataset/main/Image8.png
2012.39,279.41,378.09,120.09,5,1,2,1653.28,53.15,36.16,16.92,1909.18,800.97,11159932.43,41.65,2,1,2,1,44.38,53.97,40.48,58.67,469.57,https://raw.githubusercontent.com/Zohrehhasanpur/GalleryDesignDataset/main/Image9.png
464.05,652.48,510.56,136.53,1,3,6,1786.79,65.78,31.93,12.51,1600.01,488.13,7054463.34,40.09,1,2,4,1,48.65,67.13,50.35,66.29,177.21,https://raw.githubusercontent.com/Zohrehhasanpur/GalleryDesignDataset/main/Image10.png
267.11,372.13,487.81,138.9,1,2,3,1864.06,69.73,34.8,13.18,1095.42,338.12,5063809.28,41.13,1,2,2,1,56.98,49.3,36.97,118.32,111.76,https://raw.githubusercontent.com/Zohrehhasanpur/GalleryDesignDataset/main/Image11.png
1164.3,443.68,216.72,228.24,3,2,2,1882.24,53.3,31.83,40.26,1488.39,547.41,8211783.01,42.22,1,2,2,2,52.6,125.08,93.81,122.13,165.58,https://raw.githubusercontent.com/Zohrehhasanpur/GalleryDesignDataset/main/Image12.png
372.75,443.18,212.79,222.89,1,2,2,1929.63,63.17,34.63,37.44,971.11,308.61,5006402.6,44,1,1,1,2,53.18,130,97.5,48.57,327.05,https://raw.githubusercontent.com/Zohrehhasanpur/GalleryDesignDataset/main/Image13.png
349.14,441.22,263.41,213.41,1,2,3,1892.65,65.66,36.13,32.86,1335.68,316.13,5068702.08,35.4,1,1,2,2,52.26,162.02,121.51,60.01,488.51,https://raw.githubusercontent.com/Zohrehhasanpur/GalleryDesignDataset/main/Image14.png
439.83,773.88,726.73,132.64,1,3,5,1680.65,59.82,30.79,13.05,1381.51,582.13,8292325.14,42.24,1,2,4,1,46.45,54.68,41.01,86.69,465.25,https://raw.githubusercontent.com/Zohrehhasanpur/GalleryDesignDataset/main/Image15.png
609.23,149.92,407.38,213.94,1,1,4,1860.81,64.85,37.52,33.8,1304.06,349.96,5521866.84,43.09,1,1,2,2,50.44,146.72,110.04,90.51,119.07,https://raw.githubusercontent.com/Zohrehhasanpur/GalleryDesignDataset/main/Image16.png
1837.61,845.31,176.33,267.99,4,2,2,1448.91,51.26,34.12,25.07,1987.95,857.77,12508976.35,41.25,2,2,2,2,53.58,74.98,56.24,53.72,399.81,https://raw.githubusercontent.com/Zohrehhasanpur/GalleryDesignDataset/main/Image17.png
1126.79,1173.42,384.01,233.07,3,3,2,1697.55,56.98,32.92,28.81,1415.38,805.27,11669147.16,52.23,2,2,2,2,49.53,69.46,52.1,88.04,484.19,https://raw.githubusercontent.com/Zohrehhasanpur/GalleryDesignDataset/main/Image18.png
817.94,563.1,180.89,172.65,3,2,3,1997.93,61,37.75,32.37,1343.79,468.58,6938289.46,49.25,1,1,2,2,45.47,88.43,66.32,51.25,364.92,https://raw.githubusercontent.com/Zohrehhasanpur/GalleryDesignDataset/main/Image19.png
1022.97,386.86,484.22,150.23,2,1,7,1792.35,51.72,34.12,20.54,1356.26,568.21,8177092.67,40.84,1,1,4,1,50.62,63.45,47.59,81.75,395.49,https://raw.githubusercontent.com/Zohrehhasanpur/GalleryDesignDataset/main/Image20.png
1743.49,303.44,246.34,168.7,3,1,3,1520.43,46.84,31.12,9.23,1272.08,687.98,9847885.34,46.05,2,1,2,1,55.25,29.43,22.07,89.38,103.13,https://raw.githubusercontent.com/Zohrehhasanpur/GalleryDesignDataset/main/Image21.png
1106.11,435.17,271.46,216.48,5,2,5,1839.41,52.08,27.73,26.28,2334.81,543.82,8116887.03,35.45,2,1,4,2,53.13,119.42,89.57,56.41,437.68,https://raw.githubusercontent.com/Zohrehhasanpur/GalleryDesignDataset/main/Image22.png
255.95,964.91,74.32,124.02,1,3,1,1804.48,64.65,34.13,12.4,1569.5,388.55,5676799.91,31.5,1,2,1,1,49.84,76.61,57.45,64.03,145.32,https://raw.githubusercontent.com/Zohrehhasanpur/GalleryDesignDataset/main/Image23.png
443.43,811.57,347.4,362.77,2,4,3,1842.62,58.31,29.24,37.55,1938.65,480.72,7860700.78,37.23,1,2,2,2,49.6,226.39,169.79,108.44,372.23,https://raw.githubusercontent.com/Zohrehhasanpur/GalleryDesignDataset/main/Image24.png
336.74,763.21,916.86,323.11,1,3,4,1687.04,67.5,30.73,18.44,1458.83,605.05,9359700.44,50.83,1,2,2,2,49.88,64.08,48.06,88.25,487.19,https://raw.githubusercontent.com/Zohrehhasanpur/GalleryDesignDataset/main/Image25.png
624.01,434.19,196.96,102.43,3,2,4,2034.81,62.28,35.52,22.47,1526.35,376.55,5430352.38,37.92,1,1,2,1,55.96,97.93,73.45,55.28,421.74,https://raw.githubusercontent.com/Zohrehhasanpur/GalleryDesignDataset/main/Image26.png
316.68,645.77,402.49,151.77,1,3,3,1839.65,66.56,34.66,12.41,1571.54,409.48,6066822,36.43,1,2,2,1,45.93,44.48,33.36,78.15,344.66,https://raw.githubusercontent.com/Zohrehhasanpur/GalleryDesignDataset/main/Image27.png
325.3,230.74,537.4,162.13,2,1,3,1921.68,60.32,32.27,28.27,1333.17,328.03,5022288.78,37.02,1,1,2,2,49.3,118.62,88.97,122.56,171.57,https://raw.githubusercontent.com/Zohrehhasanpur/GalleryDesignDataset/main/Image28.png
385.65,326.3,225.6,189.65,2,1,3,1927.68,65.51,31.23,24.25,1178.3,281.26,4508798.82,39.54,2,1,2,2,58.68,121.37,91.03,45.18,279.22,https://raw.githubusercontent.com/Zohrehhasanpur/GalleryDesignDataset/main/Image29.png
746.19,387.55,99.6,126.78,5,2,1,2067.98,55.97,35.91,31.31,1120.64,370,5440483.18,45.27,2,1,1,1,47.44,123.35,92.52,112.46,429.05,https://raw.githubusercontent.com/Zohrehhasanpur/GalleryDesignDataset/main/Image30.png
562.8,1219.91,354.91,273.35,2,4,2,1757.99,58.47,30.1,33.55,1641.54,641.29,9643891.27,42.94,1,2,2,2,47.6,102.3,76.73,79.49,363.6,https://raw.githubusercontent.com/Zohrehhasanpur/GalleryDesignDataset/main/Image31.png
672.49,834.89,500.49,112.33,3,4,4,1839.75,48.51,29.95,11.55,1691.91,602.36,8480824.2,46.66,2,2,2,1,51.24,44.76,33.57,83.31,417.42,https://raw.githubusercontent.com/Zohrehhasanpur/GalleryDesignDataset/main/Image32.png
1043.55,463.6,159.88,202.74,5,2,3,1888.36,42.77,27.94,29.86,1850.04,500.11,7479096.06,39.57,2,1,2,2,42.58,121.62,91.21,42.71,244.33,https://raw.githubusercontent.com/Zohrehhasanpur/GalleryDesignDataset/main/Image33.png
784.03,335.86,156.17,258.41,3,2,1,1927.76,66.58,30.7,38.23,1731.62,382.82,6137852.43,35.25,1,1,1,2,50.98,202.5,151.88,90.93,125.06,https://raw.githubusercontent.com/Zohrehhasanpur/GalleryDesignDataset/main/Image34.png
230.96,848.04,255.44,371.6,1,3,2,1809.04,66.73,28.31,38.69,1474.34,400.33,6824145.9,38.29,1,2,1,2,53.85,222.77,167.08,113.8,447.99,https://raw.githubusercontent.com/Zohrehhasanpur/GalleryDesignDataset/main/Image35.png
1024.09,338.91,311.85,326.32,3,2,2,1811.7,57.83,29.86,38.81,2004.42,502.45,8004662.4,35.83,1,2,1,2,44.22,233.8,175.35,84.65,436.36,https://raw.githubusercontent.com/Zohrehhasanpur/GalleryDesignDataset/main/Image36.png
422.68,723.01,376.45,175.83,2,3,6,1758.03,63.59,32.57,13.22,1819.03,456.64,6791907.49,39.19,2,2,4,1,43.79,92.41,69.31,103.71,305.47,https://raw.githubusercontent.com/Zohrehhasanpur/GalleryDesignDataset/main/Image37.png
715.34,324.49,653.97,227.12,3,1,3,1871.55,56.85,34.86,36.03,1409.23,508.14,7683660.18,40.73,1,1,2,2,50.35,107.27,80.45,122.77,174.57,https://raw.githubusercontent.com/Zohrehhasanpur/GalleryDesignDataset/main/Image38.png
691.16,607.62,353.23,331.92,2,3,4,1823.66,52.98,26.87,29.98,1666.81,495.6,7935726.32,39.74,1,2,2,2,51.34,120.55,90.41,93.61,162.94,https://raw.githubusercontent.com/Zohrehhasanpur/GalleryDesignDataset/main/Image39.png
300.27,1075.65,591.66,143.17,1,3,5,1600.68,59.1,28.35,8.24,1536.38,590.27,8442984.31,45.92,1,2,4,1,44.81,29.11,21.83,64.46,151.31,https://raw.githubusercontent.com/Zohrehhasanpur/GalleryDesignDataset/main/Image40.png
782.69,602.16,480.99,98.87,4,2,3,1819.9,59.71,30.53,12.94,1776.4,559.75,7858842.03,39.97,2,1,2,1,36.49,42.39,31.8,72.08,258.96,https://raw.githubusercontent.com/Zohrehhasanpur/GalleryDesignDataset/main/Image41.png
286.29,837.69,619.37,138.4,1,4,6,1735.75,72.04,25.96,9.89,1924.32,523,7526949.33,37.56,1,2,4,1,48.24,31.75,23.82,75.89,312.78,https://raw.githubusercontent.com/Zohrehhasanpur/GalleryDesignDataset/main/Image42.png
286.29,837.69,619.37,138.4,1,4,6,1698.82,65.96,27.44,11.02,1629.7,523,7526949.33,39.25,1,2,4,1,49.46,31.75,23.82,75.89,312.78,https://raw.githubusercontent.com/Zohrehhasanpur/GalleryDesignDataset/main/Image43.png
504.6,688.6,453.49,119.2,2,3,3,1902.36,50.28,29.96,20.23,1378.46,494.01,7063535.26,43.68,1,2,2,1,52.34,57.91,43.43,120.3,139.69,https://raw.githubusercontent.com/Zohrehhasanpur/GalleryDesignDataset/main/Image44.png
691.63,990.07,427.8,229.44,3,4,2,1874.83,63.5,33.74,32.29,1896.06,632.85,9355764.97,44.13,1,2,1,2,48.2,108.76,81.57,79.71,366.6,https://raw.githubusercontent.com/Zohrehhasanpur/GalleryDesignDataset/main/Image45.png
366.97,925.25,196.55,211.52,1,4,3,1907.43,62.99,36.13,28.98,1294.97,446.63,6801203.13,48.64,1,2,2,2,43.79,85.25,63.93,91.14,128.06,https://raw.githubusercontent.com/Zohrehhasanpur/GalleryDesignDataset/main/Image46.png
1162.8,429.08,268.73,113.31,5,2,2,1933.25,57.19,34.97,21.11,1817.17,558.18,7895686.46,40.9,2,1,1,1,57.33,73.08,54.81,58.17,462.61,https://raw.githubusercontent.com/Zohrehhasanpur/GalleryDesignDataset/main/Image47.png
1071.91,345.88,341.5,258.8,4,2,2,1703.97,57.24,29.04,26.56,1942.84,527.79,8072381.48,36.27,2,2,2,2,49.39,117.68,88.26,65.8,170.25,https://raw.githubusercontent.com/Zohrehhasanpur/GalleryDesignDataset/main/Image48.png
1106.43,653.7,305.94,181.4,6,3,2,1812.1,50.37,24.44,30.02,1768.84,619.82,8989903.88,46.69,2,2,2,2,45.26,105.36,79.02,40.45,212.45,https://raw.githubusercontent.com/Zohrehhasanpur/GalleryDesignDataset/main/Image49.png
289.08,486.95,390.87,281.14,1,2,2,1682.35,65.93,27.78,30.96,1363.71,350.07,5792179.54,34.28,1,2,2,2,50.92,192.74,144.55,84.86,439.36,https://raw.githubusercontent.com/Zohrehhasanpur/GalleryDesignDataset/main/Image50.png
216.02,176.84,201.59,210.2,1,1,3,2040.67,63.48,32.22,46.71,956.33,178.33,3218544.01,36.85,1,1,2,2,48.48,282.88,212.16,48.08,320.09,https://raw.githubusercontent.com/Zohrehhasanpur/GalleryDesignDataset/main/Image51.png
1071.53,707.71,1298.91,265.18,4,3,7,1443.72,57.84,23.83,19.91,2631.81,923.44,13373280.19,40.68,2,2,4,2,49.05,68.92,51.69,96.3,200.82,https://raw.githubusercontent.com/Zohrehhasanpur/GalleryDesignDataset/main/Image52.png
201.12,694.61,387.25,199.84,1,4,7,1978.58,58.86,33.77,32.89,1612.33,384.89,5931284.81,41.69,1,2,4,2,56.27,155.76,116.82,59.51,481.55,https://raw.githubusercontent.com/Zohrehhasanpur/GalleryDesignDataset/main/Image53.png
1143.89,707.55,318.54,273.77,4,2,3,1731.02,56.5,28.79,25.99,1983.02,650.99,9774940.65,39.48,2,1,2,2,51.9,100.93,75.7,63.33,135.37,https://raw.githubusercontent.com/Zohrehhasanpur/GalleryDesignDataset/main/Image54.png
1294.26,492.47,136.55,108.19,6,2,2,1940.47,40.64,30.71,20.82,1817.37,576.98,8125874.55,38.7,2,1,1,1,47.87,67.51,50.63,78.58,350.65,https://raw.githubusercontent.com/Zohrehhasanpur/GalleryDesignDataset/main/Image55.png
872.08,279.29,550.24,284.43,3,1,5,1723.85,53.78,26.99,24.79,2173.94,510.49,7944187.69,34.21,1,1,4,2,51.96,133.72,100.29,93.83,165.94,https://raw.githubusercontent.com/Zohrehhasanpur/GalleryDesignDataset/main/Image56.png
201.67,207.42,512.27,202.19,1,1,5,1856.62,56.15,25.32,22.04,1297.6,276.41,4494225.47,37.78,1,1,4,2,51.01,87.78,65.83,68.48,208.13,https://raw.githubusercontent.com/Zohrehhasanpur/GalleryDesignDataset/main/Image57.png
574.16,491.85,279.33,233.82,3,3,2,1863.38,54.32,31.21,26.23,1781.17,403.6,6316616.31,38.53,2,2,1,2,54.05,104.28,78.21,76.11,315.77,https://raw.githubusercontent.com/Zohrehhasanpur/GalleryDesignDataset/main/Image58.png
310.28,1359.04,256.3,315.36,1,4,3,1682.9,66.99,27.92,22.17,2015.62,577.69,8963923.9,36.4,1,2,2,2,53.49,98.26,73.7,79.92,369.59,https://raw.githubusercontent.com/Zohrehhasanpur/GalleryDesignDataset/main/Image59.png
356.72,730.07,399.85,170.96,3,2,3,1960.42,64.36,37.06,29.71,1454.11,445.99,6630418.1,42.4,1,1,2,2,46.9,115,86.25,124.32,196.5,https://raw.githubusercontent.com/Zohrehhasanpur/GalleryDesignDataset/main/Image60.png
773.26,504.79,683.96,229.22,4,2,3,1804.81,63.64,32.85,31.2,1504.5,588.6,8764910.85,43.63,2,1,2,2,44.41,93.46,70.1,54.57,411.79,https://raw.githubusercontent.com/Zohrehhasanpur/GalleryDesignDataset/main/Image61.png
560.57,375.88,164.16,286.67,5,2,2,1953.03,59.5,32.1,36.25,1709.49,330.18,5549127.24,37.1,2,1,2,2,45.21,260.46,195.35,102.79,292.52,https://raw.githubusercontent.com/Zohrehhasanpur/GalleryDesignDataset/main/Image62.png
236.5,605.78,232.79,261.34,1,3,2,1875.1,67.38,33.79,30.26,1199.8,322.52,5345645.83,41.68,1,2,2,2,53.29,145.85,109.39,62.2,119.43,https://raw.githubusercontent.com/Zohrehhasanpur/GalleryDesignDataset/main/Image63.png
521.32,714.48,426.04,218.41,3,3,6,1891.74,61.85,26.09,30.93,1825.1,498.55,7521040.6,44.58,1,2,4,2,51.6,131.43,98.57,66.01,173.25,https://raw.githubusercontent.com/Zohrehhasanpur/GalleryDesignDataset/main/Image64.png
758.6,393.58,324.3,235.85,4,2,4,1854.97,51.15,28.79,27.56,1886.96,442.94,6849316.17,38.51,2,2,2,2,44.53,127.79,95.84,85.07,442.35,https://raw.githubusercontent.com/Zohrehhasanpur/GalleryDesignDataset/main/Image65.png
239.72,139.44,91.34,174.33,2,1,1,2131.54,65.1,39.18,51.32,960.58,141.15,2579321.55,34.55,1,1,1,2,46.89,296.42,222.31,48.29,323.08,https://raw.githubusercontent.com/Zohrehhasanpur/GalleryDesignDataset/main/Image66.png
939.14,1052.64,328.49,101.59,6,3,3,1792.76,52.89,29.51,18.14,1922.57,696.08,9687449.49,41.9,2,2,2,1,52.81,52.54,39.41,55.91,430.73,https://raw.githubusercontent.com/Zohrehhasanpur/GalleryDesignDataset/main/Image67.png
772.31,499.02,220.96,275.73,3,2,3,1910.67,56.62,31.9,39.17,1756.52,447.68,7072050.08,35.84,1,1,2,2,47.14,221.73,166.3,59.73,484.55,https://raw.githubusercontent.com/Zohrehhasanpur/GalleryDesignDataset/main/Image68.png
958.99,269.39,283.26,162.92,3,1,3,2022.81,50.95,33.34,31.27,1503.74,453.49,6698246.68,38.95,1,1,2,1,49.55,129.33,97,97.85,222.75,https://raw.githubusercontent.com/Zohrehhasanpur/GalleryDesignDataset/main/Image69.png
554.33,504.02,317.1,176.65,2,3,2,1932.92,61.33,38.32,40.07,1223.07,412.64,6208415.96,46.44,1,2,2,2,49.71,128.43,96.32,57.26,449.66,https://raw.githubusercontent.com/Zohrehhasanpur/GalleryDesignDataset/main/Image70.png
501.58,425.53,421.83,348.05,3,2,3,1793.23,53.82,31.87,29.54,1698.68,404.68,6787972.74,38.55,2,2,2,2,51.15,154.81,116.11,116.91,491.86,https://raw.githubusercontent.com/Zohrehhasanpur/GalleryDesignDataset/main/Image71.png
369.31,520.97,478.46,86.64,3,2,5,1862.3,59.11,31.15,13.4,1251,410.62,5821502.41,46.18,2,2,4,1,46.69,50.64,37.98,120.72,145.68,https://raw.githubusercontent.com/Zohrehhasanpur/GalleryDesignDataset/main/Image72.png
206.04,172.11,57.72,236.83,1,1,1,2034.65,65.73,34.01,37.83,722.86,130.76,2690763.38,41.18,1,1,1,2,46.15,217.35,163.01,124.54,199.5,https://raw.githubusercontent.com/Zohrehhasanpur/GalleryDesignDataset/main/Image73.png
649.74,610.99,241.88,256.13,3,4,2,1832.03,59.67,28.84,26.27,2185.46,450.78,7034943.94,32.68,1,2,2,2,52.53,136.37,102.28,91.57,134.05,https://raw.githubusercontent.com/Zohrehhasanpur/GalleryDesignDataset/main/Image74.png
422.88,692.94,271.29,191.7,3,2,3,1923.62,65.81,34.5,28.82,1840.21,416.13,6315255.56,35.03,1,1,2,2,57.55,110.56,82.92,54.79,414.78,https://raw.githubusercontent.com/Zohrehhasanpur/GalleryDesignDataset/main/Image75.png
360.57,873.47,595.98,221.89,2,3,4,1845.95,63.03,31.76,24.5,1699.75,549,8207618.7,45.91,1,2,2,2,50.46,97,72.75,62.41,122.42,https://raw.githubusercontent.com/Zohrehhasanpur/GalleryDesignDataset/main/Image76.png
620.15,316.7,267.67,208.23,4,2,2,2003.58,53.32,34.49,34.48,1420.62,361.36,5651032.38,42.68,2,1,1,2,51.01,138.3,103.72,73.85,283.89,https://raw.githubusercontent.com/Zohrehhasanpur/GalleryDesignDataset/main/Image77.png
541.81,384.47,276.07,144.13,2,2,3,1851.84,59.21,30.39,15.31,1466.81,360.7,5385891.57,36.13,1,2,2,1,46.38,95.9,71.92,77.66,337.71,https://raw.githubusercontent.com/Zohrehhasanpur/GalleryDesignDataset/main/Image78.png
662.81,617.96,124.67,150.54,3,3,1,1973.93,63.2,38.5,31.97,1349.89,421.63,6223891.67,41.78,1,2,1,2,48.55,107.11,80.33,122.07,164.62,https://raw.githubusercontent.com/Zohrehhasanpur/GalleryDesignDataset/main/Image79.png
165.34,452.29,457.8,111.44,1,2,3,1848.48,72.28,28.28,12.68,1369.99,322.63,4747426.96,33.51,1,2,2,1,39.67,41.45,31.09,92.91,152.99,https://raw.githubusercontent.com/Zohrehhasanpur/GalleryDesignDataset/main/Image80.png
202.54,201.54,282.88,236.94,1,1,3,1987.12,62.83,35.71,34.59,1168.51,206.09,3695643.86,38.22,1,1,2,2,53.4,206.95,155.21,59.94,487.54,https://raw.githubusercontent.com/Zohrehhasanpur/GalleryDesignDataset/main/Image81.png
180.97,997.86,473.58,225.12,1,3,2,1812.74,57.09,31.48,31.38,1376.28,495.72,7510119.46,40.77,1,2,1,2,51.13,108.99,81.74,71.38,249,https://raw.githubusercontent.com/Zohrehhasanpur/GalleryDesignDataset/main/Image82.png
755.74,563.24,241.58,209.18,5,3,3,1881.07,57.38,29.88,28.35,1882.35,468.17,7078945.69,40.62,2,2,2,2,48,134.04,100.53,82.81,410.47,https://raw.githubusercontent.com/Zohrehhasanpur/GalleryDesignDataset/main/Image83.png
432.24,836.37,278.69,190.58,3,4,3,1944.94,56.76,30.67,33.67,1819.85,464.19,6951525.86,39.85,1,2,2,2,45.17,147.81,110.85,42.22,237.38,https://raw.githubusercontent.com/Zohrehhasanpur/GalleryDesignDataset/main/Image84.png
466.47,981.62,635.87,257.25,2,4,3,1777.09,62.82,30.03,33.72,1786.33,625.19,9364860.22,42.11,1,2,2,2,56.58,123.44,92.58,46.03,291.2,https://raw.githubusercontent.com/Zohrehhasanpur/GalleryDesignDataset/main/Image85.png
466.47,981.62,635.87,257.25,2,4,3,1798.01,57.49,29.51,33.26,1839.4,625.19,9364860.22,44.54,1,2,2,2,54.37,123.44,92.58,46.03,291.2,https://raw.githubusercontent.com/Zohrehhasanpur/GalleryDesignDataset/main/Image86.png
1176.94,297.95,444.42,242.21,6,2,4,1936.72,55.47,33.32,34.37,2175.38,575.79,8646101.99,41.29,2,1,2,2,53.41,151.44,113.58,90.44,118.11,https://raw.githubusercontent.com/Zohrehhasanpur/GalleryDesignDataset/main/Image87.png
754.21,390.69,516.22,180.36,6,2,5,1887.47,61.16,28.04,30.36,2181.15,498.34,7365960.4,39.36,2,1,4,2,41.02,130.29,97.72,53.66,398.84,https://raw.githubusercontent.com/Zohrehhasanpur/GalleryDesignDataset/main/Image88.png
818.53,859.5,280.42,104.95,5,3,2,1889.43,59.18,32.27,14.97,1459.23,587.53,8253540.34,46.16,2,2,1,1,45.1,42.87,32.15,61.28,106.48,https://raw.githubusercontent.com/Zohrehhasanpur/GalleryDesignDataset/main/Image89.png
1077.31,190.8,290.89,284.79,4,1,3,1795.81,70.09,32.33,28.33,2049.19,467.7,7375172.05,34.31,2,1,2,2,52.72,146.14,109.6,65.09,160.3,https://raw.githubusercontent.com/Zohrehhasanpur/GalleryDesignDataset/main/Image90.png
1258.38,573.21,370.27,274.93,5,3,5,1765.87,66.15,29.89,29.07,2216.69,660.56,9907129.91,42.3,2,2,4,2,54.04,124.86,93.65,76.53,321.76,https://raw.githubusercontent.com/Zohrehhasanpur/GalleryDesignDataset/main/Image91.png
904.93,264.27,203.37,155.22,3,1,2,1940.32,68.13,38.65,27.73,1371.29,411.77,6111160.76,39.07,1,1,2,1,60.33,135.71,101.78,84.15,429.4,https://raw.githubusercontent.com/Zohrehhasanpur/GalleryDesignDataset/main/Image92.png
111.58,585.44,568.87,83.35,1,2,4,1763.1,53.35,30.33,10.15,1173.51,379.77,5396977.38,41.37,1,2,4,1,52.65,26.34,19.75,43.56,256.31,https://raw.githubusercontent.com/Zohrehhasanpur/GalleryDesignDataset/main/Image93.png
372.03,595.08,488.74,112.49,2,3,2,1878.7,67.88,34.92,10.69,1193.86,436.76,6273372.22,46.65,2,2,1,1,49.43,30.91,23.18,58.81,471.6,https://raw.githubusercontent.com/Zohrehhasanpur/GalleryDesignDataset/main/Image94.png
424.58,706.34,286.03,158.17,3,2,3,1863.09,73.59,32.19,19.61,1694.5,425.08,6300471.01,36.74,2,1,2,1,57.74,89.3,66.98,114.65,459.97,https://raw.githubusercontent.com/Zohrehhasanpur/GalleryDesignDataset/main/Image95.png
541.48,344.15,400.1,373.82,3,2,7,1876.73,68.7,31.63,29.52,2418.95,385.72,6638201.2,32.83,1,1,4,2,44.41,232.6,174.45,110.84,406.15,https://raw.githubusercontent.com/Zohrehhasanpur/GalleryDesignDataset/main/Image96.png
326.62,652.48,167.61,106.29,2,2,2,1995.7,63.68,37.08,16.6,1048.24,344.01,5012026.3,42.82,2,1,1,1,45.83,37.08,27.81,70.25,233.06,https://raw.githubusercontent.com/Zohrehhasanpur/GalleryDesignDataset/main/Image97.png
528.11,262.11,348.39,114.22,3,1,4,1977.98,60.78,34.17,22.45,1667.33,341.59,5011358.36,33.59,1,1,2,1,54.65,120.38,90.29,89.31,102.16,https://raw.githubusercontent.com/Zohrehhasanpur/GalleryDesignDataset/main/Image98.png
611.21,361.74,190.91,315.32,2,2,1,1894.39,74.01,34.09,38.56,1478.1,349.16,5916743.09,35.84,1,2,1,2,51.59,216.74,162.55,93.12,155.98,https://raw.githubusercontent.com/Zohrehhasanpur/GalleryDesignDataset/main/Image99.png
1035.62,388.88,128.29,239.45,5,1,2,1847.26,67.95,30.69,31.78,1689.76,465.84,7168984.4,39.55,2,1,1,2,48.37,154.21,115.66,56.34,436.72,https://raw.githubusercontent.com/Zohrehhasanpur/GalleryDesignDataset/main/Image100.png
365.73,305.75,357.75,299.17,3,1,2,1808.71,69.53,32.26,34.66,1842.86,308.77,5313587.07,30.6,1,1,2,2,55.28,290.67,218,104.56,317.45,https://raw.githubusercontent.com/Zohrehhasanpur/GalleryDesignDataset/main/Image101.png
251.54,659.05,160.42,136.09,1,2,2,1770.63,65.68,30.91,12.67,1248.32,321.3,4828432.36,37.93,1,2,2,1,51.16,50.83,38.12,63.96,144.36,https://raw.githubusercontent.com/Zohrehhasanpur/GalleryDesignDataset/main/Image102.png
482.45,667.62,473.53,214.23,3,3,3,1764.48,61.19,28.1,21.74,1723.82,487.08,7351291.83,38.79,2,2,2,2,52.07,79.17,59.38,79.21,359.64,https://raw.githubusercontent.com/Zohrehhasanpur/GalleryDesignDataset/main/Image103.png
590.97,946.66,214.79,96.32,4,4,3,1966.61,53.42,31.55,14.36,1565.54,525.73,7394938.93,48.31,2,2,2,1,49.34,43.97,32.98,123.62,186.55,https://raw.githubusercontent.com/Zohrehhasanpur/GalleryDesignDataset/main/Image104.png
334.03,419.34,274.92,333.45,1,2,2,1896.19,60.68,31.32,38.9,1424.79,308.49,5446970.04,33.11,1,1,1,2,51.4,194.57,145.93,90.65,121.1,https://raw.githubusercontent.com/Zohrehhasanpur/GalleryDesignDataset/main/Image105.png
527.63,473.34,1140.2,91.84,4,2,6,1785.15,56.56,27.06,13.36,1875.18,642.35,8932041.32,44.49,2,1,4,1,50.14,34.31,25.74,50.06,348.01,https://raw.githubusercontent.com/Zohrehhasanpur/GalleryDesignDataset/main/Image106.png
266.59,642.89,100.68,319.14,2,3,3,1883.29,53.17,31.87,37.72,1696.59,303.05,5317198.58,32.89,1,2,2,2,59.08,315.93,236.95,102.09,282.56,https://raw.githubusercontent.com/Zohrehhasanpur/GalleryDesignDataset/main/Image107.png
393.05,500.28,900.13,131.81,4,2,4,1735.12,69.87,32.32,11.43,1395.52,538.04,7701117.69,43.01,2,1,4,1,60.12,29.4,22.05,105.9,336.39,https://raw.githubusercontent.com/Zohrehhasanpur/GalleryDesignDataset/main/Image108.png
1058.38,307.22,245.97,244.62,5,2,2,1984.63,67.15,39,44.33,1353.29,483.47,7424775.92,49.16,2,1,1,2,54.65,151.79,113.84,65.3,163.3,https://raw.githubusercontent.com/Zohrehhasanpur/GalleryDesignDataset/main/Image109.png
772.63,1122.69,245.91,139.04,3,3,5,1743.08,70.24,31.5,17.91,2388.34,642.37,9121059.86,35.69,1,2,4,1,51.86,77.92,58.44,72.93,270.94,https://raw.githubusercontent.com/Zohrehhasanpur/GalleryDesignDataset/main/Image110.png
1128.45,267.25,377.06,231.79,6,1,4,1838.95,43.35,23.98,28.75,2361.78,531.83,8018205.23,36.12,2,1,2,2,48.5,156.9,117.67,76.74,324.76,https://raw.githubusercontent.com/Zohrehhasanpur/GalleryDesignDataset/main/Image111.png
656.08,292.73,611.58,102.35,4,1,4,1908.44,68.9,35.4,8.29,1662.18,468.12,6650961.64,40.88,2,1,2,1,46.33,26.24,19.68,121.15,151.67,https://raw.githubusercontent.com/Zohrehhasanpur/GalleryDesignDataset/main/Image112.png
607.45,558.64,624.09,98.79,4,2,5,1739.18,64.4,31.35,9.09,1877.57,537.06,7555922.57,39.4,2,2,4,1,53.54,22.07,16.56,47.58,313.13,https://raw.githubusercontent.com/Zohrehhasanpur/GalleryDesignDataset/main/Image113.png
338.36,416.51,266.55,338.51,1,3,3,1796.98,53.22,31.6,34.02,1805.54,306.43,5439750.75,31.45,1,2,2,2,37.67,265.13,198.85,99.62,247.68,https://raw.githubusercontent.com/Zohrehhasanpur/GalleryDesignDataset/main/Image114.png
329.23,135.31,571.16,261.45,3,1,5,1834.05,65.59,31.2,20.28,1766.86,310.71,5188639.82,31.89,2,1,4,1,66.04,201.95,151.46,100.96,266.62,https://raw.githubusercontent.com/Zohrehhasanpur/GalleryDesignDataset/main/Image115.png
796.67,152.81,52.23,438.33,4,1,1,1892.8,60.36,35.51,42.59,1781.62,300.51,5760138.6,31.36,2,1,1,2,51.01,437.58,328.19,60.36,493.53,https://raw.githubusercontent.com/Zohrehhasanpur/GalleryDesignDataset/main/Image116.png
564.42,137.33,422.9,421.85,3,1,3,1777.86,62.78,33.43,29.98,1357.82,337.39,6185990.5,39.97,2,1,2,2,53.01,225.06,168.79,71.8,254.99,https://raw.githubusercontent.com/Zohrehhasanpur/GalleryDesignDataset/main/Image117.png
635.76,148.17,213.18,736.11,4,1,3,1734.38,35.97,31.61,44.07,1624.96,299.13,6932845.66,35.44,2,1,2,2,42.78,590.6,442.95,116.21,481.9,https://raw.githubusercontent.com/Zohrehhasanpur/GalleryDesignDataset/main/Image118.png
427.62,174.28,608.89,153.88,3,1,7,1965.74,63.91,27.13,21.6,1764.91,363.24,5458721.32,37.5,1,1,4,1,53.24,152.51,114.38,75.61,308.81,https://raw.githubusercontent.com/Zohrehhasanpur/GalleryDesignDataset/main/Image119.png
440.36,440.28,576.97,510.46,2,2,3,1726.66,51.3,33.02,40.65,1571.41,437.28,7872260.88,37.93,1,2,2,2,43.64,280.16,210.12,79.42,362.64,https://raw.githubusercontent.com/Zohrehhasanpur/GalleryDesignDataset/main/Image120.png
517.42,276.22,278.08,194.44,3,2,2,1959.1,58.67,30.1,20.58,980.26,321.52,5064637.52,48.92,2,2,1,1,51.75,72.57,54.43,83.24,416.46,https://raw.githubusercontent.com/Zohrehhasanpur/GalleryDesignDataset/main/Image121.png
608.66,409.93,481.95,169.7,4,3,4,1910.15,57.33,28.72,15.92,1731.12,450.16,6680988.53,43.21,2,2,2,1,43.56,90.47,67.86,94.67,177.92,https://raw.githubusercontent.com/Zohrehhasanpur/GalleryDesignDataset/main/Image122.png
279.16,403.02,250.12,428.97,3,2,5,1897.45,58.19,31.62,40.07,2209.58,279.69,5445078.24,27.81,1,1,4,2,62.53,460.12,345.09,102.3,285.56,https://raw.githubusercontent.com/Zohrehhasanpur/GalleryDesignDataset/main/Image123.png
568.21,497.16,533.97,340.03,4,2,2,1802.08,58.26,29.76,24.81,1796.93,479.8,7757469.47,35.44,2,1,1,1,41.34,170.09,127.56,106.11,339.38,https://raw.githubusercontent.com/Zohrehhasanpur/GalleryDesignDataset/main/Image124.png
345.31,486.32,404.45,263.26,3,3,2,1759.42,61.27,26.44,17.14,1606.07,370.82,5997325.18,35.47,2,2,2,1,48.17,170.38,127.79,109.92,393.2,https://raw.githubusercontent.com/Zohrehhasanpur/GalleryDesignDataset/main/Image125.png
418.19,126.61,280.58,316.02,3,1,3,2021.27,51.56,34.18,38.62,1398.87,247.61,4565579.37,30.89,1,1,2,1,52.98,459.45,344.59,117.55,100.84,https://raw.githubusercontent.com/Zohrehhasanpur/GalleryDesignDataset/main/Image126.png
223.09,385.71,824.98,525.26,1,3,7,1753.5,56.2,30.2,36.29,2116.89,430.13,7836132.95,34.39,1,2,4,2,56.58,366.35,274.76,88.39,489.22,https://raw.githubusercontent.com/Zohrehhasanpur/GalleryDesignDataset/main/Image127.png
120.16,456.89,72.94,121.14,1,2,1,1959.23,65.71,33.92,14.64,923.37,195,3084495.32,34.68,1,2,1,1,52.21,74.55,55.91,55.42,423.77,https://raw.githubusercontent.com/Zohrehhasanpur/GalleryDesignDataset/main/Image128.png
563.06,297.91,869.94,409.01,3,2,6,1726.35,66.76,29.76,39.23,2371.76,519.27,8559637.97,32.08,1,2,4,2,48.54,283.56,212.67,59.23,477.59,https://raw.githubusercontent.com/Zohrehhasanpur/GalleryDesignDataset/main/Image129.png
747.86,98.09,559.58,583.59,6,1,4,1800.97,42.65,28.51,49.98,2350.23,421.66,7956482.63,28.2,2,1,2,2,48.35,498.25,373.69,107.45,358.32,https://raw.githubusercontent.com/Zohrehhasanpur/GalleryDesignDataset/main/Image130.png
218.84,228.27,398.03,247.24,1,2,2,1889.86,65.67,35.71,21.04,1309.09,253.54,4369538.68,33.54,1,1,2,1,56.38,234.03,175.52,66.86,185.23,https://raw.githubusercontent.com/Zohrehhasanpur/GalleryDesignDataset/main/Image131.png
288.78,304.94,524.67,143.71,2,2,3,2035.96,60.6,35.65,27.15,1135.29,335.52,5048407.94,44.05,1,1,2,1,49.1,102.8,77.1,41.51,227.42,https://raw.githubusercontent.com/Zohrehhasanpur/GalleryDesignDataset/main/Image132.png
573.43,829.34,160.97,220.72,3,4,3,1865.99,61.11,31.42,24.54,1614.73,469.12,7137876.82,39.34,2,2,2,1,47.59,169.38,127.04,89.73,108.15,https://raw.githubusercontent.com/Zohrehhasanpur/GalleryDesignDataset/main/Image133.png
224.82,323.52,1041.44,267.93,1,2,5,1739.41,66.12,32.86,17.51,1029.78,476.93,7430852.04,48.73,1,1,4,1,50,67.41,50.56,97.36,215.8,https://raw.githubusercontent.com/Zohrehhasanpur/GalleryDesignDataset/main/Image134.png
341.43,100.69,149.04,195.09,4,1,1,2074.91,53.98,36.52,42.13,1099.81,177.35,3145009.93,28.44,2,1,1,1,54.71,396.02,297.02,101.17,269.62,https://raw.githubusercontent.com/Zohrehhasanpur/GalleryDesignDataset/main/Image135.png
324.02,222.9,367.08,173.74,2,2,5,1858.5,60.62,28.7,13.75,1471.86,274.2,4350985.04,34.88,2,2,4,1,55.77,76.04,57.03,60.58,496.53,https://raw.githubusercontent.com/Zohrehhasanpur/GalleryDesignDataset/main/Image136.png
106.66,462.67,576.8,242.54,1,3,3,1889.77,62.07,31.9,19.45,1427.07,343.84,5554664.97,37.88,1,2,2,1,58.14,169.29,126.97,108.79,377.26,https://raw.githubusercontent.com/Zohrehhasanpur/GalleryDesignDataset/main/Image137.png
383.49,177.37,346.76,427.89,2,1,4,1824.51,54.89,27.82,34.68,1797.24,272.28,5342016.8,30.61,1,1,4,2,52.85,377.16,282.87,68.2,204.17,https://raw.githubusercontent.com/Zohrehhasanpur/GalleryDesignDataset/main/Image138.png
532.51,344.5,687.35,400,3,2,3,1692.21,49.42,29.56,33.25,2010.63,469.31,7857438.73,33.82,1,2,2,2,50.22,204.56,153.42,79.64,365.63,https://raw.githubusercontent.com/Zohrehhasanpur/GalleryDesignDataset/main/Image139.png
763.5,734.95,104.63,222.48,4,3,1,1817.92,59.43,30.68,20.34,1614.14,480.92,7302215.73,37.87,2,2,1,1,40.99,111.02,83.27,98.7,234.73,https://raw.githubusercontent.com/Zohrehhasanpur/GalleryDesignDataset/main/Image140.png
141.7,326.21,275.21,690.51,1,2,4,1801.7,57.07,31.35,39.36,1708.37,222.94,5734515.12,31.11,1,1,2,2,37.18,557.52,418.14,102.51,288.56,https://raw.githubusercontent.com/Zohrehhasanpur/GalleryDesignDataset/main/Image141.png
271.53,361.94,301,141.97,2,2,3,2061.52,67.95,39.96,26.08,1174.58,280.34,4305773.79,40.04,1,1,2,1,51.69,121.54,91.16,61.92,115.47,https://raw.githubusercontent.com/Zohrehhasanpur/GalleryDesignDataset/main/Image142.png
280.94,457.05,902.66,647.57,2,3,5,1575.55,60.44,25.3,36.36,1989.64,492.2,9152877.72,36.73,1,2,4,2,53.25,315.76,236.82,113.95,450.02,https://raw.githubusercontent.com/Zohrehhasanpur/GalleryDesignDataset/main/Image143.png
834.71,463.81,232.75,331.06,5,2,3,1847.97,52.06,29.07,38.16,2099.84,459.38,7449314.76,34.94,2,1,2,2,54.25,216.2,162.15,121.57,157.66,https://raw.githubusercontent.com/Zohrehhasanpur/GalleryDesignDataset/main/Image144.png
441.37,1016.58,302.26,160.88,3,4,3,1826.96,59.89,31.01,11.77,1710.55,528.06,7684359.58,42.21,2,2,2,1,54.13,36.56,27.42,80.98,384.57,https://raw.githubusercontent.com/Zohrehhasanpur/GalleryDesignDataset/main/Image145.png
355.62,206.41,1075.54,405.54,2,1,7,1699.83,58.4,25.97,30.98,2485.04,491.27,8172458.82,32.29,1,1,4,2,48.69,247.65,185.74,88.6,492.21,https://raw.githubusercontent.com/Zohrehhasanpur/GalleryDesignDataset/main/Image146.png
263.46,172.32,154.86,333.41,1,1,2,2000.53,57.23,38.51,47.15,1022.29,177.19,3696205.29,35.47,1,1,1,2,49.38,338.7,254.02,48.01,319.12,https://raw.githubusercontent.com/Zohrehhasanpur/GalleryDesignDataset/main/Image147.png
410.61,386.63,560.24,205.34,2,2,6,1783.18,60.66,29.46,15.33,2231,407.25,6251310.98,31.84,1,2,4,1,53.38,121.01,90.76,55.63,426.76,https://raw.githubusercontent.com/Zohrehhasanpur/GalleryDesignDataset/main/Image148.png
745.85,146.36,401.59,298.53,5,1,4,1899.87,59.72,33.76,24.98,1763.51,388.14,6369309.71,34.91,2,1,2,1,48.39,184.59,138.44,103.85,307.49,https://raw.githubusercontent.com/Zohrehhasanpur/GalleryDesignDataset/main/Image149.png
1393.02,155.65,625.18,218.36,6,1,5,1766.33,62.46,33.36,30.9,2162.38,652.16,9568842.15,42.06,2,1,4,2,53.28,120.54,90.4,63.26,134.4,https://raw.githubusercontent.com/Zohrehhasanpur/GalleryDesignDataset/main/Image150.png
1102.02,376.96,325.1,183.43,6,2,4,1899.1,58.01,31.26,21.01,2166.69,541.23,7950056.32,35.91,2,1,2,1,41.66,122.01,91.51,78.51,349.69,https://raw.githubusercontent.com/Zohrehhasanpur/GalleryDesignDataset/main/Image151.png
408.86,282.26,637.02,107.88,3,2,3,2012,58.28,38.44,29.13,1225.11,398.44,5744093.79,42.29,1,1,2,1,50.11,97.47,73.1,41.73,230.42,https://raw.githubusercontent.com/Zohrehhasanpur/GalleryDesignDataset/main/Image152.png
956.1,494.99,309.52,358.98,5,3,2,1784.83,61.38,29.3,35.21,2492.74,528.18,8478363.44,33.88,2,2,1,2,49.31,244.67,183.5,45.54,284.24,https://raw.githubusercontent.com/Zohrehhasanpur/GalleryDesignDataset/main/Image153.png
672.07,698.87,513.98,160.1,4,4,7,1840.67,62.52,30.01,8.23,1847.64,565.48,8180075.29,46.13,2,2,4,1,53.7,33.97,25.48,89.94,111.15,https://raw.githubusercontent.com/Zohrehhasanpur/GalleryDesignDataset/main/Image154.png
390.33,499.35,498.95,203.45,2,2,2,1849.18,63.02,31.49,25.83,1141,416.59,6368257.09,40.56,1,1,2,1,53.07,117.21,87.91,97.57,218.79,https://raw.githubusercontent.com/Zohrehhasanpur/GalleryDesignDataset/main/Image155.png
550.06,316.99,419.76,352.18,3,2,3,1870.94,51.71,26.81,40.27,2353.42,386.04,6555968.84,29.38,1,1,2,2,41.62,328.43,246.32,56.98,445.7,https://raw.githubusercontent.com/Zohrehhasanpur/GalleryDesignDataset/main/Image156.png
594.7,256.86,474.72,204.78,3,2,3,1840.19,61.14,33.9,21.63,1431.18,397.88,6124213.45,38.02,2,2,2,1,39.44,123.52,92.64,76.04,314.81,https://raw.githubusercontent.com/Zohrehhasanpur/GalleryDesignDataset/main/Image157.png
295.04,274.57,282.27,120.71,2,1,2,2040.85,55.08,37.55,33.56,772.85,255.56,3890372.14,45.7,1,1,2,1,48.86,113.36,85.02,124.26,195.54,https://raw.githubusercontent.com/Zohrehhasanpur/GalleryDesignDataset/main/Image158.png
509.68,297.12,104.79,594.8,2,2,1,1763.9,57.76,33.92,43.27,1289.06,273.48,6025557.96,35.58,1,2,1,2,56.37,391.49,293.62,91.29,130.09,https://raw.githubusercontent.com/Zohrehhasanpur/GalleryDesignDataset/main/Image159.png
211.64,360.04,192.59,229.68,1,2,3,1901.59,66.58,31.71,18.42,1038.56,229.28,3975797.33,38.29,1,2,2,1,56.86,120.21,90.16,95.1,183.91,https://raw.githubusercontent.com/Zohrehhasanpur/GalleryDesignDataset/main/Image160.png
371.77,725.56,169.28,366.76,2,4,2,1874.24,56.5,31.04,31.97,2029.77,379.98,6533489.64,32.52,1,2,1,2,55.75,289.56,217.17,65.94,172.28,https://raw.githubusercontent.com/Zohrehhasanpur/GalleryDesignDataset/main/Image161.png
592.15,887.49,487.07,129.37,4,4,3,1863.86,56.51,28.97,14.81,1574.46,590.01,8384283.87,46.93,2,2,2,1,48.17,52.62,39.47,69.75,226.1,https://raw.githubusercontent.com/Zohrehhasanpur/GalleryDesignDataset/main/Image162.png
680.71,479.8,656.92,501.62,5,2,3,1786.7,58.62,31.51,47.64,1571.82,545.23,9276200.63,42.86,2,1,2,2,45.67,276.01,207,114.16,453.01,https://raw.githubusercontent.com/Zohrehhasanpur/GalleryDesignDataset/main/Image163.png
374.15,337.61,799.8,166.11,2,2,5,1884.78,54.51,31.53,23.83,1268.93,453.47,6710681.25,46.44,1,1,4,1,53.36,87.92,65.94,117.97,106.83,https://raw.githubusercontent.com/Zohrehhasanpur/GalleryDesignDataset/main/Image164.png
961.29,860.18,231.36,270.45,4,4,5,1731.52,68.76,29.66,19.83,2072.13,615.85,9293123.04,38.33,2,2,4,1,43.23,105.4,79.05,81.19,387.56,https://raw.githubusercontent.com/Zohrehhasanpur/GalleryDesignDataset/main/Image165.png
638.23,413.85,197.73,193.56,5,3,1,1892.91,55.15,29.76,27.12,2130.27,374.94,5773450.81,32.76,2,2,1,2,48.57,154.87,116.15,40.6,214.48,https://raw.githubusercontent.com/Zohrehhasanpur/GalleryDesignDataset/main/Image166.png
269.88,352.7,767.02,285.39,1,2,4,1898.53,67.93,40.16,30.93,1313.53,416.88,6699983.26,43.43,1,1,2,2,47.09,123.23,92.42,88.82,495.21,https://raw.githubusercontent.com/Zohrehhasanpur/GalleryDesignDataset/main/Image167.png
299.77,219.61,509.61,255.14,2,2,5,1953.53,49.82,27.62,36.57,1338.47,308.7,5136501.6,41.84,1,1,4,2,46.56,198.36,148.77,48.22,322.12,https://raw.githubusercontent.com/Zohrehhasanpur/GalleryDesignDataset/main/Image168.png
291.93,343.5,298.42,280.73,2,2,2,1869.49,61.55,30.53,27.33,1168.21,280.15,4858303.46,36.59,1,2,2,1,50.7,240.5,180.37,111.69,418.13,https://raw.githubusercontent.com/Zohrehhasanpur/GalleryDesignDataset/main/Image169.png
766.42,156.63,213.26,582.9,6,1,3,1809.56,34.5,31.98,49.06,2111.93,340.89,6876876.17,28.67,2,1,2,2,64.41,615.57,461.68,119.31,125.77,https://raw.githubusercontent.com/Zohrehhasanpur/GalleryDesignDataset/main/Image170.png
766.42,156.63,213.26,582.9,6,1,3,1766.44,22.25,29.09,40.73,2607.78,340.89,6876876.17,26.49,2,1,2,2,71.79,615.57,461.68,119.31,125.77,https://raw.githubusercontent.com/Zohrehhasanpur/GalleryDesignDataset/main/Image171.png
665.49,430.77,122.24,379.67,4,2,2,1859.68,48.05,29.66,35.45,1737.69,365.55,6392657.87,34.22,2,1,2,2,53.54,249.27,186.96,93.97,167.97,https://raw.githubusercontent.com/Zohrehhasanpur/GalleryDesignDataset/main/Image172.png
108.22,433.79,1018.81,247.58,1,3,6,1775.32,46.08,28.1,27.09,1930.4,468.24,7233558.13,37.85,1,2,4,2,51.44,126.9,95.17,57.19,448.7,https://raw.githubusercontent.com/Zohrehhasanpur/GalleryDesignDataset/main/Image173.png
240.87,798.05,1321.11,333.38,4,4,8,1659.31,58.17,26.32,25.38,2722.33,708.01,10773618.39,38.46,2,2,4,2,44.15,141.26,105.94,105.41,329.43,https://raw.githubusercontent.com/Zohrehhasanpur/GalleryDesignDataset/main/Image174.png
245.56,615.73,1027.88,411.59,3,2,5,1586.76,53.12,26.63,35.8,2541.55,566.75,9203045.3,32.13,1,1,4,2,47.54,261.44,196.08,113.03,437.07,https://raw.githubusercontent.com/Zohrehhasanpur/GalleryDesignDataset/main/Image175.png
685.52,1011.72,372.36,187.85,4,3,4,1764.96,53.15,29.35,10.74,1743.32,620.88,9029794.39,47.57,2,2,2,1,54.99,36.31,27.23,72.44,263.98,https://raw.githubusercontent.com/Zohrehhasanpur/GalleryDesignDataset/main/Image176.png
281.52,147.64,203.94,168.34,3,1,3,2090.35,53.93,32.79,42.95,1647.63,189.93,3205754.44,27.5,1,1,2,2,40.91,319.08,239.31,124.47,198.53,https://raw.githubusercontent.com/Zohrehhasanpur/GalleryDesignDataset/main/Image177.png
170.23,172.56,343.16,173.65,1,1,4,1992.96,65.84,36.61,18.41,1366.13,205.78,3438380.57,30.6,1,1,2,1,60.1,202.52,151.89,83.87,425.44,https://raw.githubusercontent.com/Zohrehhasanpur/GalleryDesignDataset/main/Image178.png
504.92,213.72,556.84,528.24,2,1,3,1560.86,56.46,28.7,19.84,1717.83,382.64,7214900.16,37.71,2,1,2,2,48.44,165.66,124.25,87.69,479.26,https://raw.githubusercontent.com/Zohrehhasanpur/GalleryDesignDataset/main/Image179.png
212.52,561.9,281.01,190.96,2,3,2,1912.09,51.85,32.04,26.75,1581.76,316.63,4985563.62,33.37,1,2,2,2,62.73,108.56,81.42,122,163.65,https://raw.githubusercontent.com/Zohrehhasanpur/GalleryDesignDataset/main/Image180.png
752.49,796.99,195.83,192.4,4,4,3,1871.23,56.35,29.85,23.26,2143.07,523.59,7750827.17,34.88,2,2,2,1,50.94,132.29,99.22,81.4,390.56,https://raw.githubusercontent.com/Zohrehhasanpur/GalleryDesignDataset/main/Image181.png
580.48,357.79,643.63,172.34,3,2,5,1929.62,49.03,29.31,30.09,1532.96,474.57,7016950.63,44.18,1,1,4,2,51.47,108.94,81.71,48.43,325.11,https://raw.githubusercontent.com/Zohrehhasanpur/GalleryDesignDataset/main/Image182.png
558.35,182.6,401.28,366.79,3,1,4,1951.01,45.74,31.92,49.82,1567.03,342.67,6036047.88,34.81,1,1,2,2,50.37,321.12,240.84,59.87,486.57,https://raw.githubusercontent.com/Zohrehhasanpur/GalleryDesignDataset/main/Image183.png
149.58,201.16,477.49,150.68,1,1,3,1962.45,53.73,33.09,20.94,1096.1,248.47,3915651.33,34.73,1,1,2,1,50.42,145.54,109.16,104.28,313.48,https://raw.githubusercontent.com/Zohrehhasanpur/GalleryDesignDataset/main/Image184.png
297.29,722.04,262.81,297.58,2,2,2,1704.64,53.36,28.85,22.32,1662.54,384.64,6318847.05,32.46,1,2,1,1,54.23,185.68,139.26,115.71,474.95,https://raw.githubusercontent.com/Zohrehhasanpur/GalleryDesignDataset/main/Image185.png
238.82,637.85,495.89,248.88,1,3,3,1725.29,55.68,29.48,11.83,1466.4,411.77,6485801.93,40.56,1,2,2,1,53.24,72.53,54.4,86.56,463.32,https://raw.githubusercontent.com/Zohrehhasanpur/GalleryDesignDataset/main/Image186.png
399.81,637.64,145.93,393.12,2,3,2,1819.08,48.01,30.83,40.99,1867.77,355.01,6305996.78,29.97,1,2,2,2,60.62,332.2,249.15,57.4,451.69,https://raw.githubusercontent.com/Zohrehhasanpur/GalleryDesignDataset/main/Image187.png
252.99,986.24,1069.31,348.29,3,4,4,1654.54,55.67,28.74,33.34,2537.8,692.56,10627287.98,35.14,1,2,2,2,57.01,181.04,135.78,101.81,278.6,https://raw.githubusercontent.com/Zohrehhasanpur/GalleryDesignDataset/main/Image188.png
158.32,719.37,189.22,642.02,1,4,2,1735.16,53.8,25.77,37.58,1946.43,320.08,6835760.39,31.13,1,2,1,2,51.44,481.4,361.05,113.24,440.06,https://raw.githubusercontent.com/Zohrehhasanpur/GalleryDesignDataset/main/Image189.png
774.45,441.15,369.26,510.47,6,4,2,1724.33,33.86,29.06,42.22,2400.61,475.46,8381353.93,30.29,2,2,2,2,51.79,386.51,289.88,117.06,493.89,https://raw.githubusercontent.com/Zohrehhasanpur/GalleryDesignDataset/main/Image190.png
624.56,291.86,496.62,159.79,4,2,3,1929.51,53.33,30.85,12.66,1221.93,423.91,6291313.62,46.74,2,2,2,1,48.49,45.23,33.93,91.71,136.08,https://raw.githubusercontent.com/Zohrehhasanpur/GalleryDesignDataset/main/Image191.png
803.22,482.48,199.19,260.26,6,3,1,1859.68,43.96,27.51,35.8,2070.51,445.47,6980600.14,34.43,2,2,1,2,53.53,210.33,157.74,62.55,124.45,https://raw.githubusercontent.com/Zohrehhasanpur/GalleryDesignDataset/main/Image192.png
418.4,261.26,461.97,279.63,3,1,4,1856.64,64.21,35.08,22.96,1598.34,342.49,5685034.71,35.79,2,1,2,1,46.64,195.96,146.97,114.58,459,https://raw.githubusercontent.com/Zohrehhasanpur/GalleryDesignDataset/main/Image193.png
108.94,683.59,471.29,212.12,1,4,2,1880.2,58.94,34.76,17.26,1207.53,379.14,5903711.54,40.71,1,2,2,1,53.59,67.14,50.35,118.4,112.82,https://raw.githubusercontent.com/Zohrehhasanpur/GalleryDesignDataset/main/Image194.png
144.83,695.55,259.77,145.72,1,3,3,1933.76,69.01,32.01,17.15,1186.25,330.05,4983492.78,41.07,1,2,2,1,54.44,52.98,39.74,81.61,393.56,https://raw.githubusercontent.com/Zohrehhasanpur/GalleryDesignDataset/main/Image195.png
450.72,306.82,53.64,467.76,2,2,1,1810.85,54.75,33.78,27.07,1148.2,243.35,5115736.97,40.46,2,1,1,2,52.35,230.66,172.99,85.43,447.38,https://raw.githubusercontent.com/Zohrehhasanpur/GalleryDesignDataset/main/Image196.png
368.43,320.72,906.51,118.4,3,2,5,1812.12,45.32,27.49,17.8,1611.82,478.7,6856246.48,37.37,1,1,4,1,50.71,89.04,66.78,61.42,108.51,https://raw.githubusercontent.com/Zohrehhasanpur/GalleryDesignDataset/main/Image197.png
300.11,648.18,236.11,194.55,3,4,3,1972.27,47.4,26.65,16.14,1375.71,355.32,5515794.85,40.35,2,2,2,1,48.74,65.7,49.28,117.27,496.88,https://raw.githubusercontent.com/Zohrehhasanpur/GalleryDesignDataset/main/Image198.png
364.88,400.88,246.51,244.44,3,3,2,1894.15,49.59,33.32,26.32,1290.02,303.68,5026844.75,36.63,2,2,2,1,54.69,193.18,144.89,112.33,427.12,https://raw.githubusercontent.com/Zohrehhasanpur/GalleryDesignDataset/main/Image199.png
